{"workspaceConfigurations": [{
    "configName": "weird thingy",
    "imagStart": -0.215253868379526,
    "imagEnd": -0.215248611036333,
    "zoomScale": 1.2,
    "realEnd": -0.870662632059687,
    "renderWidth": 800,
    "renderHeight": 800,
    "iteration": 1000,
    "realStart": -0.87066788940288
}]}